movie,type,word,minutes_in
Reservoir Dogs,word,dick,0.40
Reservoir Dogs,word,dicks,0.43
Reservoir Dogs,word,fucked,0.55
Reservoir Dogs,word,fucking,0.61
Reservoir Dogs,word,bullshit,0.61
Reservoir Dogs,word,fuck,0.66
Reservoir Dogs,word,shit,0.90
Reservoir Dogs,word,fuck,1.43
Reservoir Dogs,word,dicks,1.56
Reservoir Dogs,word,fuck,1.66
Reservoir Dogs,word,dick,1.75
Reservoir Dogs,word,dick,1.75
Reservoir Dogs,word,dick,1.75
Reservoir Dogs,word,dick,1.75
Reservoir Dogs,word,dick,1.75
Reservoir Dogs,word,dick,1.75
Reservoir Dogs,word,dick,1.75
Reservoir Dogs,word,dicks,1.75
Reservoir Dogs,word,motherfucker,1.83
Reservoir Dogs,word,dick,1.96
Reservoir Dogs,word,pussy,2.15
Reservoir Dogs,word,fucks,2.18
Reservoir Dogs,word,fuck,2.30
Reservoir Dogs,word,fucking,2.45
Reservoir Dogs,word,hell,2.48
Reservoir Dogs,word,fucking,2.51
Reservoir Dogs,word,fucking,2.81
Reservoir Dogs,word,dick,2.86
Reservoir Dogs,word,jap,2.93
Reservoir Dogs,word,fuck,3.05
Reservoir Dogs,word,shit,3.20
Reservoir Dogs,word,fucking,3.40
Reservoir Dogs,word,fucking,3.55
Reservoir Dogs,word,fucking,3.70
Reservoir Dogs,word,motherfucker,3.93
Reservoir Dogs,word,motherfucker,3.98
Reservoir Dogs,word,shit,4.35
Reservoir Dogs,word,shit,4.76
Reservoir Dogs,word,fucking,4.86
Reservoir Dogs,word,dick,5.25
Reservoir Dogs,word,fucking,5.41
Reservoir Dogs,word,fucking,5.51
Reservoir Dogs,word,fucking,5.55
Reservoir Dogs,word,fucking,5.61
Reservoir Dogs,word,bullshit,6.23
Reservoir Dogs,word,fuck,6.46
Reservoir Dogs,word,fucked,6.58
Reservoir Dogs,word,fucks,6.66
Reservoir Dogs,word,bullshit,6.81
Reservoir Dogs,word,fucking,6.86
Reservoir Dogs,word,fucking,6.73
Reservoir Dogs,word,bastard,7.38
Reservoir Dogs,word,goddamn,7.41
Reservoir Dogs,word,goddamn,7.58
Reservoir Dogs,word,shit,9.63
Reservoir Dogs,word,fucking,9.96
Reservoir Dogs,word,shit,10.01
Reservoir Dogs,word,fucking,10.08
Reservoir Dogs,word,shit,10.26
Reservoir Dogs,word,goddamn,11.13
Reservoir Dogs,word,fucking,11.13
Reservoir Dogs,word,fucking,11.85
Reservoir Dogs,word,fucking,12.06
Reservoir Dogs,word,fucking,12.08
Reservoir Dogs,word,fucking,12.43
Reservoir Dogs,word,fucking,12.45
Reservoir Dogs,word,fucking,12.90
Reservoir Dogs,word,fucking,13.73
Reservoir Dogs,word,fuck,14.38
Reservoir Dogs,word,fucking,14.66
Reservoir Dogs,word,fucking,14.95
Reservoir Dogs,word,fucking,15.38
Reservoir Dogs,word,fucking,15.41
Reservoir Dogs,word,shit,15.45
Reservoir Dogs,word,fuck,15.51
Reservoir Dogs,word,fuck,15.65
Reservoir Dogs,word,fucking,15.75
Reservoir Dogs,word,fucked,15.86
Reservoir Dogs,word,fucked,15.88
Reservoir Dogs,word,fucked,15.93
Reservoir Dogs,word,fuck,16.45
Reservoir Dogs,word,motherfuckers,16.60
Reservoir Dogs,word,fucking,16.65
Reservoir Dogs,word,fuck,16.75
Reservoir Dogs,word,fucking,16.86
Reservoir Dogs,word,fucking,17.56
Reservoir Dogs,word,fuck,17.63
Reservoir Dogs,word,fucking,17.75
Reservoir Dogs,word,fucking,17.95
Reservoir Dogs,word,fucking,18.00
Reservoir Dogs,word,shit,20.13
Reservoir Dogs,word,fucking,20.16
Reservoir Dogs,word,fuck,20.68
Reservoir Dogs,word,fuck,20.73
Reservoir Dogs,word,fuck,20.93
Reservoir Dogs,word,fucking,20.96
Reservoir Dogs,word,asshole,20.98
Reservoir Dogs,word,fuck,21.00
Reservoir Dogs,word,fucking,21.01
Reservoir Dogs,word,fuck,21.20
Reservoir Dogs,word,fucking,22.18
Reservoir Dogs,word,fuck,22.21
Reservoir Dogs,word,motherfucker,22.46
Reservoir Dogs,word,fuck,22.60
Reservoir Dogs,word,goddamn,22.71
Reservoir Dogs,word,ass,22.80
Reservoir Dogs,word,fuck,23.00
Reservoir Dogs,word,fucking,23.20
Reservoir Dogs,word,assholes,23.35
Reservoir Dogs,word,fucking,24.01
Reservoir Dogs,word,fuck,24.05
Reservoir Dogs,word,fucking,24.60
Reservoir Dogs,word,fuck,24.66
Reservoir Dogs,word,fucking,24.76
Reservoir Dogs,word,fucking,25.13
Reservoir Dogs,word,shit,25.35
Reservoir Dogs,word,fuck,25.45
Reservoir Dogs,word,fucking,25.75
Reservoir Dogs,word,bullshit,25.76
Reservoir Dogs,word,fucking,26.01
Reservoir Dogs,word,fucking,26.06
Reservoir Dogs,word,fucking,26.16
Reservoir Dogs,word,fucking,26.26
Reservoir Dogs,word,hell,27.21
Reservoir Dogs,word,shit,28.60
Reservoir Dogs,word,fucking,28.60
Reservoir Dogs,word,fucking,28.83
Reservoir Dogs,word,shit,28.83
Reservoir Dogs,word,shit,29.16
Reservoir Dogs,word,hell,29.18
Reservoir Dogs,word,fucking,31.13
Reservoir Dogs,word,fuck,31.50
Reservoir Dogs,word,fucking,31.60
Reservoir Dogs,word,fuck,31.80
Reservoir Dogs,word,fuck,31.81
Reservoir Dogs,word,fucking,31.88
Reservoir Dogs,word,hell,32.11
Reservoir Dogs,word,fucking,32.43
Reservoir Dogs,word,fuck,32.55
Reservoir Dogs,word,fucking,32.58
Reservoir Dogs,word,shit,32.60
Reservoir Dogs,word,fuck,32.63
Reservoir Dogs,word,fucking,32.70
Reservoir Dogs,word,shit,32.91
Reservoir Dogs,word,asshole,33.76
Reservoir Dogs,word,shit,33.81
Reservoir Dogs,word,fucking,33.90
Reservoir Dogs,word,fucking,34.30
Reservoir Dogs,word,fuck,34.38
Reservoir Dogs,word,fucking,34.46
Reservoir Dogs,word,fucking,34.56
Reservoir Dogs,word,fucking,34.60
Reservoir Dogs,word,fuck,34.71
Reservoir Dogs,word,fucking,34.75
Reservoir Dogs,word,fuck,34.85
Reservoir Dogs,word,asshole,34.98
Reservoir Dogs,word,assholes,35.48
Reservoir Dogs,word,fuck,35.50
Reservoir Dogs,word,fucking,35.60
Reservoir Dogs,word,fucking,35.61
Reservoir Dogs,word,n-word ,35.61
Reservoir Dogs,word,n-word ,35.63
Reservoir Dogs,word,fucking,35.71
Reservoir Dogs,word,fucking,35.83
Reservoir Dogs,word,fuck,35.88
Reservoir Dogs,word,asses,35.95
Reservoir Dogs,word,fuck,36.01
Reservoir Dogs,word,shit,36.06
Reservoir Dogs,word,fucking,36.11
Reservoir Dogs,word,fuck,37.41
Reservoir Dogs,word,fucking,37.48
Reservoir Dogs,word,fuck,37.91
Reservoir Dogs,word,fucking,39.06
Reservoir Dogs,word,asshole,39.06
Reservoir Dogs,word,fucking,39.18
Reservoir Dogs,word,hell,39.46
Reservoir Dogs,word,hell,39.60
Reservoir Dogs,word,bitch,39.88
Reservoir Dogs,word,fucking,40.13
Reservoir Dogs,word,ass,40.15
Reservoir Dogs,word,ass,40.30
Reservoir Dogs,word,fuckup,40.48
Reservoir Dogs,word,shit,40.96
Reservoir Dogs,word,fuck,41.25
Reservoir Dogs,word,bastard,41.30
Reservoir Dogs,word,fuck,41.31
Reservoir Dogs,word,fuck,41.43
Reservoir Dogs,word,fucking,41.75
Reservoir Dogs,word,ass,41.76
Reservoir Dogs,word,bitch,41.85
Reservoir Dogs,word,fucking,41.93
Reservoir Dogs,word,n-word ,41.93
Reservoir Dogs,word,ass,42.00
Reservoir Dogs,word,fucking,42.03
Reservoir Dogs,word,bitch,42.11
Reservoir Dogs,word,bitch,42.13
Reservoir Dogs,word,shit,42.16
Reservoir Dogs,word,fuck,42.55
Reservoir Dogs,word,motherfucker,42.56
Reservoir Dogs,word,fucker,42.60
Reservoir Dogs,word,shitty,42.66
Reservoir Dogs,word,asshead,42.86
Reservoir Dogs,word,fucking,43.06
Reservoir Dogs,word,fucking,43.31
Reservoir Dogs,word,shit,43.35
Reservoir Dogs,word,fuck,42.70
Reservoir Dogs,word,fuck,42.71
Reservoir Dogs,word,shit,43.86
Reservoir Dogs,word,fucking,44.00
Reservoir Dogs,word,shit,44.03
Reservoir Dogs,word,fucked,44.65
Reservoir Dogs,word,fuck,44.90
Reservoir Dogs,word,fucking,45.26
Reservoir Dogs,word,damn,45.40
Reservoir Dogs,word,fucking,46.48
Reservoir Dogs,word,fuck,46.53
Reservoir Dogs,word,fucking,46.65
Reservoir Dogs,word,fucking,46.66
Reservoir Dogs,word,fuck,47.50
Reservoir Dogs,word,fucking,47.51
Reservoir Dogs,word,fucking,47.55
Reservoir Dogs,word,fucking,47.70
Reservoir Dogs,word,fucking,47.71
Reservoir Dogs,word,fucking,47.73
Reservoir Dogs,word,fucking,47.75
Reservoir Dogs,word,fucking,47.80
Reservoir Dogs,word,fucking,47.88
Reservoir Dogs,word,shit,47.98
Reservoir Dogs,word,fucking,48.08
Reservoir Dogs,word,bullshit,48.15
Reservoir Dogs,word,fuck,48.16
Reservoir Dogs,word,fucking,48.25
Reservoir Dogs,word,fucking,48.26
Reservoir Dogs,word,hell,48.31
Reservoir Dogs,word,fucking,48.38
Reservoir Dogs,word,fucking,48.48
Reservoir Dogs,word,assholes,48.48
Reservoir Dogs,word,asshole,48.51
Reservoir Dogs,word,fucking,48.55
Reservoir Dogs,word,fucking,48.56
Reservoir Dogs,word,fucking,48.58
Reservoir Dogs,word,fucking,48.61
Reservoir Dogs,word,fucking,48.78
Reservoir Dogs,word,fucking,48.98
Reservoir Dogs,word,fucking,49.06
Reservoir Dogs,word,fucking,49.15
Reservoir Dogs,word,bastard,49.61
Reservoir Dogs,word,fuck,49.68
Reservoir Dogs,word,fucking,49.70
Reservoir Dogs,word,goddamn,49.75
Reservoir Dogs,word,fucking,49.80
Reservoir Dogs,word,fucking,49.90
Reservoir Dogs,word,fucking,49.98
Reservoir Dogs,word,fucking,50.51
Reservoir Dogs,word,bastard,50.68
Reservoir Dogs,word,fucking,50.76
Reservoir Dogs,word,motherfucker,50.91
Reservoir Dogs,word,fucking,51.08
Reservoir Dogs,word,fucking,51.36
Reservoir Dogs,word,fucking,51.51
Reservoir Dogs,word,fuck,51.88
Reservoir Dogs,word,fucking,51.98
Reservoir Dogs,word,fucking,53.28
Reservoir Dogs,word,shit,53.43
Reservoir Dogs,word,bitch,53.93
Reservoir Dogs,word,bullshit,54.25
Reservoir Dogs,word,fuck,54.30
Reservoir Dogs,word,fuck,56.73
Reservoir Dogs,death,,59.93
Reservoir Dogs,word,shit,61.00
Reservoir Dogs,word,shit,62.15
Reservoir Dogs,word,fuck,62.28
Reservoir Dogs,word,fuck,62.83
Reservoir Dogs,word,fuck,62.91
Reservoir Dogs,word,fucking,62.95
Reservoir Dogs,word,bastard,62.95
Reservoir Dogs,word,fuck,63.15
Reservoir Dogs,word,fucking,63.21
Reservoir Dogs,word,fucking,63.26
Reservoir Dogs,word,fucking,63.30
Reservoir Dogs,word,fuck,63.33
Reservoir Dogs,word,fuck,63.35
Reservoir Dogs,word,fucking,63.38
Reservoir Dogs,word,fucking,62.41
Reservoir Dogs,word,pussy,63.81
Reservoir Dogs,word,fucking,63.91
Reservoir Dogs,word,motherfucker,64.31
Reservoir Dogs,word,ass,64.46
Reservoir Dogs,word,goddamn,64.75
Reservoir Dogs,word,fucking,64.76
Reservoir Dogs,word,motherfucker,65.15
Reservoir Dogs,word,ass,65.65
Reservoir Dogs,word,damned,65.73
Reservoir Dogs,word,motherfucker,65.76
Reservoir Dogs,word,ass,65.76
Reservoir Dogs,word,fucking,66.05
Reservoir Dogs,word,fucking,66.35
Reservoir Dogs,word,fucking,66.36
Reservoir Dogs,word,fucking,66.46
Reservoir Dogs,word,fucking,66.50
Reservoir Dogs,word,ass,66.50
Reservoir Dogs,word,hell,66.96
Reservoir Dogs,word,bullshit,67.03
Reservoir Dogs,word,fucking,67.21
Reservoir Dogs,word,fucking,67.28
Reservoir Dogs,word,shit,67.30
Reservoir Dogs,word,fucking,67.48
Reservoir Dogs,word,shit,67.88
Reservoir Dogs,word,motherfucker,68.01
Reservoir Dogs,word,fucking,68.66
Reservoir Dogs,word,fucking,69.25
Reservoir Dogs,word,fuck,69.28
Reservoir Dogs,word,shit,69.30
Reservoir Dogs,word,bitch,69.31
Reservoir Dogs,word,shit,69.35
Reservoir Dogs,word,ass,69.46
Reservoir Dogs,word,fucking,69.48
Reservoir Dogs,word,fucking,69.51
Reservoir Dogs,word,fucking,69.53
Reservoir Dogs,word,motherfucker,69.61
Reservoir Dogs,word,shit,69.78
Reservoir Dogs,word,fucking,69.86
Reservoir Dogs,word,ass,69.88
Reservoir Dogs,word,fucking,70.06
Reservoir Dogs,word,fucking,71.63
Reservoir Dogs,word,fuck,71.95
Reservoir Dogs,word,fucking,72.16
Reservoir Dogs,word,fucking,72.40
Reservoir Dogs,word,asshole,72.58
Reservoir Dogs,word,fucking,72.61
Reservoir Dogs,word,fucking,72.95
Reservoir Dogs,word,bitch,73.05
Reservoir Dogs,word,fucking,73.28
Reservoir Dogs,word,fucking,73.36
Reservoir Dogs,word,shit,74.01
Reservoir Dogs,word,shit,74.05
Reservoir Dogs,word,bitch,74.40
Reservoir Dogs,word,shit,74.43
Reservoir Dogs,word,motherfucker,74.50
Reservoir Dogs,word,pussy,76.13
Reservoir Dogs,word,shit,76.20
Reservoir Dogs,word,fucking,76.28
Reservoir Dogs,word,fucking,76.30
Reservoir Dogs,word,bitch,77.05
Reservoir Dogs,word,bitch,77.06
Reservoir Dogs,word,fuck,77.13
Reservoir Dogs,word,n-word ,77.25
Reservoir Dogs,word,shit,77.28
Reservoir Dogs,word,n-word ,77.33
Reservoir Dogs,word,ass,77.35
Reservoir Dogs,word,bitches,77.36
Reservoir Dogs,word,fuck,77.40
Reservoir Dogs,word,fucking,78.01
Reservoir Dogs,word,fuck,78.55
Reservoir Dogs,word,fucking,78.60
Reservoir Dogs,word,wetback,78.95
Reservoir Dogs,word,shit,79.10
Reservoir Dogs,word,fucking,79.11
Reservoir Dogs,word,shit,79.36
Reservoir Dogs,word,fucking,79.40
Reservoir Dogs,word,dick,79.48
Reservoir Dogs,word,dick,79.51
Reservoir Dogs,word,fucking,79.83
Reservoir Dogs,word,fuck,80.18
Reservoir Dogs,word,bullshit,80.31
Reservoir Dogs,word,fucking,80.46
Reservoir Dogs,word,hell,80.65
Reservoir Dogs,word,faggot,81.65
Reservoir Dogs,word,shit,82.05
Reservoir Dogs,word,pussy,82.08
Reservoir Dogs,word,goddamn,82.48
Reservoir Dogs,word,fucking,82.50
Reservoir Dogs,word,fucking,82.73
Reservoir Dogs,word,goddamn,82.90
Reservoir Dogs,word,goddamn,82.96
Reservoir Dogs,word,ass,83.86
Reservoir Dogs,word,fucking,84.16
Reservoir Dogs,word,shit,84.16
Reservoir Dogs,word,bitch,84.21
Reservoir Dogs,word,fuck,84.30
Reservoir Dogs,word,fuck,84.40
Reservoir Dogs,word,bitch,84.50
Reservoir Dogs,word,fuck,85.08
Reservoir Dogs,word,fuck,85.28
Reservoir Dogs,word,fucking,85.45
Reservoir Dogs,death,,85.58
Reservoir Dogs,death,,85.58
Reservoir Dogs,death,,85.81
Reservoir Dogs,word,fucking,86.48
Reservoir Dogs,death,,86.55
Reservoir Dogs,word,fucking,86.86
Reservoir Dogs,word,shit,86.91
Reservoir Dogs,word,fucking,86.96
Reservoir Dogs,word,shit,87.06
Reservoir Dogs,word,fuck,87.73
Reservoir Dogs,death,,88.06
Reservoir Dogs,word,hell,88.38
Reservoir Dogs,word,shit,88.45
Reservoir Dogs,word,fucking,88.76
Reservoir Dogs,word,fucking,89.38
Reservoir Dogs,word,fucking,89.45
Reservoir Dogs,word,fucking,89.48
Reservoir Dogs,word,fucking,89.95
Reservoir Dogs,word,hell,90.10
Reservoir Dogs,word,bullshit,90.15
Reservoir Dogs,word,hell,90.30
Reservoir Dogs,word,fuck,90.36
Reservoir Dogs,word,shit,90.40
Reservoir Dogs,word,fucking,90.50
Reservoir Dogs,word,fucking,90.75
Reservoir Dogs,word,shit,90.88
Reservoir Dogs,word,cocksucker,90.91
Reservoir Dogs,word,fucking,91.15
Reservoir Dogs,word,fucking,91.35
Reservoir Dogs,word,fucking,91.48
Reservoir Dogs,word,fucking,91.75
Reservoir Dogs,word,fucking,91.96
Reservoir Dogs,word,fucking,92.01
Reservoir Dogs,word,goddamn,92.05
Reservoir Dogs,word,fucking,92.13
Reservoir Dogs,death,,92.15
Reservoir Dogs,death,,92.15
Reservoir Dogs,word,fucking,94.73
Reservoir Dogs,word,fucking,94.75
Reservoir Dogs,word,fucking,94.83
Reservoir Dogs,word,fucking,94.90
Reservoir Dogs,word,fucking,95.21
Reservoir Dogs,word,fucking,95.33
Reservoir Dogs,word,fucking,95.33
Reservoir Dogs,death,,95.40
Reservoir Dogs,death,,95.40
Pulp Fiction,word,shit,0.52
Pulp Fiction,word,fucking,0.82
Pulp Fiction,word,fuck,1.37
Pulp Fiction,word,fucking,1.62
Pulp Fiction,word,fucking,1.73
Pulp Fiction,word,fucking,1.77
Pulp Fiction,word,fucking,2.18
Pulp Fiction,word,fuck,2.22
Pulp Fiction,word,gook,2.28
Pulp Fiction,word,fuckers,2.28
Pulp Fiction,word,gooks,2.42
Pulp Fiction,word,fucking,2.45
Pulp Fiction,word,fucking,2.47
Pulp Fiction,word,fucking,2.53
Pulp Fiction,word,fuck,2.60
Pulp Fiction,word,fuck,3.52
Pulp Fiction,word,fucking,3.58
Pulp Fiction,word,wetback,3.67
Pulp Fiction,word,fuck,3.70
Pulp Fiction,word,fucking,4.68
Pulp Fiction,word,motherfucking,4.75
Pulp Fiction,word,fucking,7.70
Pulp Fiction,word,shit,7.87
Pulp Fiction,word,fuck,8.25
Pulp Fiction,word,goddamn,8.67
Pulp Fiction,word,fucking,8.72
Pulp Fiction,word,shit,8.72
Pulp Fiction,word,fucking,9.10
Pulp Fiction,word,n-word ,10.08
Pulp Fiction,word,fucked,10.17
Pulp Fiction,word,fuck,10.40
Pulp Fiction,word,ass,10.73
Pulp Fiction,word,n-word ,10.75
Pulp Fiction,word,n-word ,10.85
Pulp Fiction,word,damn,10.98
Pulp Fiction,word,pussy,11.52
Pulp Fiction,word,fucking,11.55
Pulp Fiction,word,bitch,11.60
Pulp Fiction,word,bitch,11.60
Pulp Fiction,word,fucking,11.63
Pulp Fiction,word,fucking,11.68
Pulp Fiction,word,fucking,11.83
Pulp Fiction,word,fucking,11.88
Pulp Fiction,word,shit,11.92
Pulp Fiction,word,fucking,12.03
Pulp Fiction,word,shit,12.07
Pulp Fiction,word,fuck,12.20
Pulp Fiction,word,fuck,12.27
Pulp Fiction,word,motherfucking,12.88
Pulp Fiction,word,fucking,12.90
Pulp Fiction,word,n-word ,12.92
Pulp Fiction,word,shit,12.93
Pulp Fiction,word,motherfucker,12.95
Pulp Fiction,word,shit,12.97
Pulp Fiction,word,ass,12.98
Pulp Fiction,word,motherfucker,13.00
Pulp Fiction,word,fucking,13.23
Pulp Fiction,word,fucking,13.33
Pulp Fiction,word,fucking,13.38
Pulp Fiction,word,fucking,13.43
Pulp Fiction,word,shit,13.47
Pulp Fiction,word,motherfucker,16.78
Pulp Fiction,word,shit,17.40
Pulp Fiction,word,goddamn,17.45
Pulp Fiction,word,ass,18.38
Pulp Fiction,word,shit,18.40
Pulp Fiction,word,fucked,18.62
Pulp Fiction,death,,18.70
Pulp Fiction,word,motherfucker,19.33
Pulp Fiction,word,motherfucker,19.57
Pulp Fiction,word,goddamn,19.58
Pulp Fiction,word,bitch,19.70
Pulp Fiction,word,bitch,19.82
Pulp Fiction,word,fuck,19.85
Pulp Fiction,word,bitch,19.85
Pulp Fiction,word,fuck,19.95
Pulp Fiction,word,fucked,20.00
Pulp Fiction,death,,20.95
Pulp Fiction,word,shit,21.32
Pulp Fiction,word,motherfucker,21.42
Pulp Fiction,word,motherfucking,21.82
Pulp Fiction,word,ass,21.88
Pulp Fiction,word,motherfuckers,22.03
Pulp Fiction,word,motherfuckers,22.08
Pulp Fiction,word,ass,22.10
Pulp Fiction,word,n-word ,23.07
Pulp Fiction,word,fucking,23.47
Pulp Fiction,word,fuck,23.52
Pulp Fiction,word,shit,23.70
Pulp Fiction,word,ass,24.07
Pulp Fiction,word,ass,24.23
Pulp Fiction,word,asses,24.40
Pulp Fiction,word,goddamn,24.45
Pulp Fiction,word,n-word ,24.45
Pulp Fiction,word,fucking,25.08
Pulp Fiction,word,goddamn,25.12
Pulp Fiction,word,fucking,25.17
Pulp Fiction,word,fucking,25.28
Pulp Fiction,word,shit,25.33
Pulp Fiction,word,fucking,25.37
Pulp Fiction,word,asshole,25.42
Pulp Fiction,word,n-word ,25.88
Pulp Fiction,word,ass,25.92
Pulp Fiction,word,shit,27.75
Pulp Fiction,word,fucking,27.78
Pulp Fiction,word,n-word ,27.88
Pulp Fiction,word,shit,27.98
Pulp Fiction,word,shit,27.98
Pulp Fiction,word,shit,28.03
Pulp Fiction,word,shit,28.08
Pulp Fiction,word,fucking,28.10
Pulp Fiction,word,fucking,28.22
Pulp Fiction,word,fucking,28.30
Pulp Fiction,word,shit,28.98
Pulp Fiction,word,fucker,29.43
Pulp Fiction,word,fucking,29.47
Pulp Fiction,word,fucked,29.52
Pulp Fiction,word,dickless,29.63
Pulp Fiction,word,shit,29.65
Pulp Fiction,word,fucked,29.67
Pulp Fiction,word,fucking,29.68
Pulp Fiction,word,asshole,29.82
Pulp Fiction,word,fucker,29.88
Pulp Fiction,word,chickenshit,29.92
Pulp Fiction,word,fucking,29.92
Pulp Fiction,word,fuck,29.97
Pulp Fiction,word,fuck,34.25
Pulp Fiction,word,hell,37.02
Pulp Fiction,word,hell,37.03
Pulp Fiction,word,goddamn,41.05
Pulp Fiction,word,fucking,41.05
Pulp Fiction,word,fucking,41.12
Pulp Fiction,word,bullshit,41.90
Pulp Fiction,word,fuck,42.10
Pulp Fiction,word,goddamn,42.98
Pulp Fiction,word,goddamn,43.00
Pulp Fiction,word,goddamn,43.03
Pulp Fiction,word,fucking,54.58
Pulp Fiction,word,fuck,54.63
Pulp Fiction,word,fuck,54.67
Pulp Fiction,word,fuck,54.68
Pulp Fiction,word,fucking,54.97
Pulp Fiction,word,fuck,55.00
Pulp Fiction,word,fuck,55.48
Pulp Fiction,word,goddamn,55.75
Pulp Fiction,word,fucking,55.83
Pulp Fiction,word,assholes,55.83
Pulp Fiction,word,fucking,55.93
Pulp Fiction,word,asshole,55.93
Pulp Fiction,word,fucking,56.10
Pulp Fiction,word,fucking,56.22
Pulp Fiction,word,fucking,56.28
Pulp Fiction,word,fucked,56.32
Pulp Fiction,word,fucking,56.38
Pulp Fiction,word,fucking,56.45
Pulp Fiction,word,fucking,56.53
Pulp Fiction,word,fucked,56.55
Pulp Fiction,word,fucking,56.55
Pulp Fiction,word,hell,56.92
Pulp Fiction,word,fucking,56.98
Pulp Fiction,word,shit,57.02
Pulp Fiction,word,fuck,57.03
Pulp Fiction,word,fucking,57.05
Pulp Fiction,word,fucked,57.12
Pulp Fiction,word,bitch,57.12
Pulp Fiction,word,fucked,57.17
Pulp Fiction,word,bitch,57.18
Pulp Fiction,word,fucking,57.25
Pulp Fiction,word,fucking,57.38
Pulp Fiction,word,shit,57.45
Pulp Fiction,word,shit,57.57
Pulp Fiction,word,goddamn,57.62
Pulp Fiction,word,fuck,57.63
Pulp Fiction,word,hell,57.82
Pulp Fiction,word,fucking,57.85
Pulp Fiction,word,fuck,57.85
Pulp Fiction,word,fuck,57.87
Pulp Fiction,word,fucking,57.88
Pulp Fiction,word,bitch,57.90
Pulp Fiction,word,fuck,57.98
Pulp Fiction,word,fucking,58.15
Pulp Fiction,word,fucking,58.48
Pulp Fiction,word,fuck,58.87
Pulp Fiction,word,fucking,58.88
Pulp Fiction,word,fucking,59.05
Pulp Fiction,word,fucking,59.27
Pulp Fiction,word,fuck,59.32
Pulp Fiction,word,bitch,59.65
Pulp Fiction,word,fucking,59.97
Pulp Fiction,word,fucking,60.15
Pulp Fiction,word,fucking,60.93
Pulp Fiction,word,hell,64.47
Pulp Fiction,word,gooks,67.33
Pulp Fiction,word,damned,67.50
Pulp Fiction,word,slope,67.50
Pulp Fiction,word,ass,67.60
Pulp Fiction,word,ass,67.67
Pulp Fiction,word,ass,67.78
Pulp Fiction,word,ass,70.30
Pulp Fiction,word,ass,70.38
Pulp Fiction,word,goddamn,70.40
Pulp Fiction,word,motherfucker,70.50
Pulp Fiction,word,n-word ,70.55
Pulp Fiction,word,ass,70.60
Pulp Fiction,word,shit,72.98
Pulp Fiction,word,fuck,73.78
Pulp Fiction,word,fuck,73.92
Pulp Fiction,word,fucking,74.02
Pulp Fiction,word,fuck,74.12
Pulp Fiction,word,fuck,74.45
Pulp Fiction,word,goddamn,74.72
Pulp Fiction,word,damn,77.47
Pulp Fiction,word,fuckhead,80.70
Pulp Fiction,word,merde,82.75
Pulp Fiction,word,fucking,84.95
Pulp Fiction,word,fuck,84.95
Pulp Fiction,word,fuck,85.28
Pulp Fiction,word,fucking,85.42
Pulp Fiction,word,shit,85.58
Pulp Fiction,word,fucking,85.65
Pulp Fiction,word,fuck,85.78
Pulp Fiction,word,fuck,86.03
Pulp Fiction,word,fuck,86.03
Pulp Fiction,word,fuck,86.05
Pulp Fiction,word,motherfucker,86.07
Pulp Fiction,word,fuck,86.10
Pulp Fiction,word,fucking,86.15
Pulp Fiction,word,fucking,86.15
Pulp Fiction,word,fuck,86.80
Pulp Fiction,word,shit,88.03
Pulp Fiction,word,fucking,88.05
Pulp Fiction,word,fucking,88.07
Pulp Fiction,death,,91.75
Pulp Fiction,word,motherfucker,94.70
Pulp Fiction,word,damned,95.35
Pulp Fiction,word,fuck,96.08
Pulp Fiction,word,motherfucker,96.20
Pulp Fiction,word,fucking,96.32
Pulp Fiction,word,shit,96.33
Pulp Fiction,word,motherfucking,96.45
Pulp Fiction,word,goddamn,96.50
Pulp Fiction,word,n-word ,96.78
Pulp Fiction,word,n-word ,100.53
Pulp Fiction,word,goddamn,102.35
Pulp Fiction,word,goddamn,102.38
Pulp Fiction,word,fucker,102.63
Pulp Fiction,word,motherfucker,102.67
Pulp Fiction,word,motherfucker,103.35
Pulp Fiction,word,fuck,103.93
Pulp Fiction,word,fuck,104.88
Pulp Fiction,word,fuck,104.95
Pulp Fiction,death,,105.45
Pulp Fiction,word,fuck,106.40
Pulp Fiction,word,fucking,106.62
Pulp Fiction,word,n-word ,107.08
Pulp Fiction,word,damn,107.33
Pulp Fiction,word,ass,107.37
Pulp Fiction,word,ass,108.22
Pulp Fiction,word,ass,108.73
Pulp Fiction,word,shit,109.97
Pulp Fiction,word,fuck,110.00
Pulp Fiction,word,fucking,110.70
Pulp Fiction,word,fucking,111.15
Pulp Fiction,word,fuck,111.73
Pulp Fiction,word,fucked,111.78
Pulp Fiction,death,,112.73
Pulp Fiction,word,fucked,112.87
Pulp Fiction,word,fucked,112.87
Pulp Fiction,word,fuck,112.88
Pulp Fiction,word,goddamn,112.95
Pulp Fiction,word,damn,112.97
Pulp Fiction,word,fuck,112.98
Pulp Fiction,word,shit,113.08
Pulp Fiction,word,motherfuckers,113.13
Pulp Fiction,death,,113.37
Pulp Fiction,word,fuck,113.65
Pulp Fiction,word,goddamn,113.75
Pulp Fiction,word,fucking,113.93
Pulp Fiction,word,shit,114.03
Pulp Fiction,word,motherfucking,114.43
Pulp Fiction,word,fucking,114.52
Pulp Fiction,word,shit,114.53
Pulp Fiction,word,fucking,114.57
Pulp Fiction,word,shit,114.60
Pulp Fiction,word,shit,114.63
Pulp Fiction,word,fucking,114.75
Pulp Fiction,word,fucking,114.85
Pulp Fiction,word,n-word ,115.08
Pulp Fiction,word,shit,115.12
Pulp Fiction,word,fucking,115.53
Pulp Fiction,word,fuck,115.55
Pulp Fiction,word,ass,115.63
Pulp Fiction,word,goddamn,115.68
Pulp Fiction,word,fucking,115.72
Pulp Fiction,word,ass,115.87
Pulp Fiction,word,damn,115.88
Pulp Fiction,death,,116.08
Pulp Fiction,word,fuck,116.10
Pulp Fiction,word,shit,116.12
Pulp Fiction,word,fuck,116.17
Pulp Fiction,word,ass,116.23
Pulp Fiction,word,shit,116.23
Pulp Fiction,word,motherfucking,116.33
Pulp Fiction,word,bitch,116.38
Pulp Fiction,word,fucking,116.42
Pulp Fiction,word,motherfucker,116.50
Pulp Fiction,word,shit,116.55
Pulp Fiction,word,fucking,116.57
Pulp Fiction,word,fucking,116.67
Pulp Fiction,word,shit,116.70
Pulp Fiction,word,ass,116.83
Pulp Fiction,word,fuck,116.85
Pulp Fiction,word,fucking,117.02
Pulp Fiction,word,shit,117.02
Pulp Fiction,word,fucking,117.13
Pulp Fiction,word,asses,117.18
Pulp Fiction,word,shit,117.52
Pulp Fiction,word,shit,117.53
Pulp Fiction,word,shit,117.60
Pulp Fiction,word,ass,117.63
Pulp Fiction,word,fuck,117.65
Pulp Fiction,word,n-word ,117.65
Pulp Fiction,word,fuck,117.67
Pulp Fiction,word,shit,117.78
Pulp Fiction,word,fucking,117.87
Pulp Fiction,word,goddamn,117.90
Pulp Fiction,word,shit,117.98
Pulp Fiction,word,goddamn,118.40
Pulp Fiction,word,shit,118.45
Pulp Fiction,word,shit,118.58
Pulp Fiction,word,fucking,118.68
Pulp Fiction,word,shit,118.77
Pulp Fiction,word,n-word ,118.92
Pulp Fiction,word,n-word ,119.07
Pulp Fiction,word,shit,119.12
Pulp Fiction,word,n-word ,119.17
Pulp Fiction,word,n-word ,119.30
Pulp Fiction,word,fucking,119.32
Pulp Fiction,word,motherfucker,119.37
Pulp Fiction,word,fucking,119.40
Pulp Fiction,word,fucking,119.52
Pulp Fiction,word,fucking,119.57
Pulp Fiction,word,fucking,119.72
Pulp Fiction,word,fucking,119.77
Pulp Fiction,word,fuck,120.12
Pulp Fiction,word,fuck,120.18
Pulp Fiction,word,shit,120.18
Pulp Fiction,word,fuck,120.25
Pulp Fiction,word,shit,120.25
Pulp Fiction,word,fucking,120.27
Pulp Fiction,word,shit,120.27
Pulp Fiction,word,fuck,120.30
Pulp Fiction,word,shit,120.30
Pulp Fiction,word,fucking,120.55
Pulp Fiction,word,shit,120.55
Pulp Fiction,word,shit,120.83
Pulp Fiction,word,motherfucking,121.03
Pulp Fiction,word,ass,121.07
Pulp Fiction,word,motherfucker,121.12
Pulp Fiction,word,n-word ,121.13
Pulp Fiction,word,motherfucker,121.27
Pulp Fiction,word,n-word ,121.32
Pulp Fiction,word,motherfucker,121.45
Pulp Fiction,word,shit,121.47
Pulp Fiction,word,motherfucker,123.85
Pulp Fiction,word,fucking,125.57
Pulp Fiction,word,fucking,126.00
Pulp Fiction,word,ass,128.00
Pulp Fiction,word,shit,128.00
Pulp Fiction,word,fucked,128.03
Pulp Fiction,word,shit,128.03
Pulp Fiction,word,fuck,128.17
Pulp Fiction,word,shit,128.18
Pulp Fiction,word,motherfucker,128.20
Pulp Fiction,word,shit,128.22
Pulp Fiction,word,ass,128.27
Pulp Fiction,word,fucking,128.35
Pulp Fiction,word,fucking,128.40
Pulp Fiction,word,fucking,128.43
Pulp Fiction,word,motherfucker,128.53
Pulp Fiction,word,motherfucker,128.53
Pulp Fiction,word,fuck,128.67
Pulp Fiction,word,motherfucker,128.68
Pulp Fiction,word,fucking,128.73
Pulp Fiction,word,n-word ,128.78
Pulp Fiction,word,dicks,129.12
Pulp Fiction,word,shit,129.52
Pulp Fiction,word,ass,129.33
Pulp Fiction,word,goddamn,129.50
Pulp Fiction,word,shit,129.83
Pulp Fiction,word,goddamn,130.08
Pulp Fiction,word,fucking,130.10
Pulp Fiction,word,fuck,130.22
Pulp Fiction,word,fuck,130.22
Pulp Fiction,word,damn,130.25
Pulp Fiction,word,goddamn,130.30
Pulp Fiction,word,motherfucker,130.90
Pulp Fiction,word,fucking,131.50
Pulp Fiction,word,shit,131.57
Pulp Fiction,word,fucking,131.85
Pulp Fiction,word,fucking,133.48
Pulp Fiction,word,fucking,133.55
Pulp Fiction,word,fucking,133.63
Pulp Fiction,word,motherfuckers,134.00
Pulp Fiction,word,shit,134.05
Pulp Fiction,word,motherfucking,134.55
Pulp Fiction,word,shit,134.85
Pulp Fiction,word,shit,135.35
Pulp Fiction,word,shit,135.38
Pulp Fiction,word,fucking,135.47
Pulp Fiction,word,shit,135.48
Pulp Fiction,word,fucking,135.77
Pulp Fiction,word,fuck,135.93
Pulp Fiction,word,shit,136.60
Pulp Fiction,word,fucking,136.80
Pulp Fiction,word,fucking,137.05
Pulp Fiction,word,shit,137.22
Pulp Fiction,word,fuck,137.57
Pulp Fiction,word,fucking,137.93
Pulp Fiction,word,motherfuckers,138.00
Pulp Fiction,word,fuck,138.10
Pulp Fiction,word,fucking,138.22
Pulp Fiction,word,fuck,138.23
Pulp Fiction,word,fuck,138.28
Pulp Fiction,word,fucking,138.30
Pulp Fiction,word,fucking,138.33
Pulp Fiction,word,fucking,138.37
Pulp Fiction,word,fuck,138.43
Pulp Fiction,word,fucking,138.48
Pulp Fiction,word,fucking,138.65
Pulp Fiction,word,fucking,138.68
Pulp Fiction,word,fuck,138.87
Pulp Fiction,word,fucking,139.00
Pulp Fiction,word,fuck,139.23
Pulp Fiction,word,fucking,139.53
Pulp Fiction,word,fucking,139.60
Pulp Fiction,word,fucking,139.75
Pulp Fiction,word,fucking,139.85
Pulp Fiction,word,fucking,139.97
Pulp Fiction,word,fuck,140.05
Pulp Fiction,word,shit,140.72
Pulp Fiction,word,fucking,141.05
Pulp Fiction,word,fuck,141.15
Pulp Fiction,word,goddamn,141.18
Pulp Fiction,word,fucking,141.43
Pulp Fiction,word,goddamn,142.23
Pulp Fiction,word,bitch,142.37
Pulp Fiction,word,bitch,142.40
Pulp Fiction,word,bitch,142.42
Pulp Fiction,word,fucking,142.45
Pulp Fiction,word,bitch,142.45
Pulp Fiction,word,fucking,142.50
Pulp Fiction,word,bitch,142.50
Pulp Fiction,word,motherfuckers,143.77
Pulp Fiction,word,motherfuckers,143.80
Pulp Fiction,word,asses,144.25
Pulp Fiction,word,fucking,144.27
Pulp Fiction,word,shit,144.30
Pulp Fiction,word,shit,144.48
Pulp Fiction,word,ass,144.53
Pulp Fiction,word,goddamn,144.82
Pulp Fiction,word,motherfucker,145.38
Pulp Fiction,word,motherfucker,145.68
Pulp Fiction,word,fucking,146.23
Pulp Fiction,word,goddamn,146.30
Pulp Fiction,word,motherfucking,146.32
Pulp Fiction,word,fuck,146.35
Pulp Fiction,word,ass,146.67
Pulp Fiction,word,shit,147.43
Pulp Fiction,word,ass,147.48
Pulp Fiction,word,shit,147.58
Pulp Fiction,word,motherfucker,147.60
Pulp Fiction,word,ass,147.62
Pulp Fiction,word,shit,147.65
Pulp Fiction,word,ass,147.90
Pulp Fiction,word,shit,148.15
Kill Bill: Vol. 1,word,bitch,7.12
Kill Bill: Vol. 1,word,ass,8.10
Kill Bill: Vol. 1,word,damn,8.12
Kill Bill: Vol. 1,word,bitch,10.45
Kill Bill: Vol. 1,word,shit,10.50
Kill Bill: Vol. 1,word,fucked,10.95
Kill Bill: Vol. 1,word,fucked,10.98
Kill Bill: Vol. 1,word,bitch,11.87
Kill Bill: Vol. 1,word,goddamn,12.17
Kill Bill: Vol. 1,word,fucking,12.17
Kill Bill: Vol. 1,word,bitch,12.48
Kill Bill: Vol. 1,word,fuck,13.07
Kill Bill: Vol. 1,word,bitch,13.08
Kill Bill: Vol. 1,word,shit,13.13
Kill Bill: Vol. 1,word,motherfucking,13.18
Kill Bill: Vol. 1,word,ass,13.18
Kill Bill: Vol. 1,word,motherfucking,13.28
Kill Bill: Vol. 1,word,bitch,13.42
Kill Bill: Vol. 1,death,,13.53
Kill Bill: Vol. 1,word,goddamn,17.20
Kill Bill: Vol. 1,word,hell,17.58
Kill Bill: Vol. 1,word,goddamn,18.02
Kill Bill: Vol. 1,word,shit,18.07
Kill Bill: Vol. 1,word,goddamn,19.32
Kill Bill: Vol. 1,word,cocksucker,19.73
Kill Bill: Vol. 1,word,fuck,22.93
Kill Bill: Vol. 1,word,shit,23.40
Kill Bill: Vol. 1,word,shit,23.45
Kill Bill: Vol. 1,word,fucking,25.02
Kill Bill: Vol. 1,word,shithead,25.12
Kill Bill: Vol. 1,word,fuck,28.03
Kill Bill: Vol. 1,word,cunt,28.43
Kill Bill: Vol. 1,word,shit,28.88
Kill Bill: Vol. 1,word,goddamn,29.37
Kill Bill: Vol. 1,death,,29.75
Kill Bill: Vol. 1,word,bullshit,31.07
Kill Bill: Vol. 1,word,shit,31.32
Kill Bill: Vol. 1,word,fuck,31.42
Kill Bill: Vol. 1,word,fuck,31.60
Kill Bill: Vol. 1,death,,31.68
Kill Bill: Vol. 1,word,pussy,32.12
Kill Bill: Vol. 1,word,fucker,32.15
Kill Bill: Vol. 1,word,cunts,35.15
Kill Bill: Vol. 1,word,dicks,35.22
Kill Bill: Vol. 1,death,,37.65
Kill Bill: Vol. 1,death,,39.57
Kill Bill: Vol. 1,death,,41.03
Kill Bill: Vol. 1,death,,42.57
Kill Bill: Vol. 1,death,,42.77
Kill Bill: Vol. 1,death,,43.48
Kill Bill: Vol. 1,word,shit,46.45
Kill Bill: Vol. 1,word,bastard,46.47
Kill Bill: Vol. 1,word,ass,46.63
Kill Bill: Vol. 1,word,goddamn,47.97
Kill Bill: Vol. 1,word,hell,48.03
Kill Bill: Vol. 1,word,damn,48.60
Kill Bill: Vol. 1,death,,60.57
Kill Bill: Vol. 1,word,bastard,62.33
Kill Bill: Vol. 1,word,fuckface,62.35
Kill Bill: Vol. 1,word,bitch,62.87
Kill Bill: Vol. 1,death,,62.97
Kill Bill: Vol. 1,word,fucking,64.20
Kill Bill: Vol. 1,word,fucker,64.23
Kill Bill: Vol. 1,word,bitches,64.32
Kill Bill: Vol. 1,word,fucking,64.38
Kill Bill: Vol. 1,word,goddamn,73.48
Kill Bill: Vol. 1,death,,75.77
Kill Bill: Vol. 1,death,,76.02
Kill Bill: Vol. 1,death,,76.02
Kill Bill: Vol. 1,death,,76.02
Kill Bill: Vol. 1,death,,76.48
Kill Bill: Vol. 1,death,,77.02
Kill Bill: Vol. 1,death,,80.32
Kill Bill: Vol. 1,death,,82.95
Kill Bill: Vol. 1,death,,82.98
Kill Bill: Vol. 1,death,,83.00
Kill Bill: Vol. 1,death,,83.03
Kill Bill: Vol. 1,death,,83.05
Kill Bill: Vol. 1,death,,83.05
Kill Bill: Vol. 1,death,,83.05
Kill Bill: Vol. 1,death,,83.08
Kill Bill: Vol. 1,death,,83.12
Kill Bill: Vol. 1,death,,83.18
Kill Bill: Vol. 1,death,,83.38
Kill Bill: Vol. 1,death,,83.42
Kill Bill: Vol. 1,death,,83.48
Kill Bill: Vol. 1,death,,83.65
Kill Bill: Vol. 1,death,,83.72
Kill Bill: Vol. 1,death,,83.83
Kill Bill: Vol. 1,death,,83.88
Kill Bill: Vol. 1,death,,83.93
Kill Bill: Vol. 1,death,,84.05
Kill Bill: Vol. 1,death,,84.18
Kill Bill: Vol. 1,death,,84.23
Kill Bill: Vol. 1,death,,84.27
Kill Bill: Vol. 1,death,,84.58
Kill Bill: Vol. 1,death,,84.92
Kill Bill: Vol. 1,death,,84.92
Kill Bill: Vol. 1,death,,85.00
Kill Bill: Vol. 1,death,,85.08
Kill Bill: Vol. 1,death,,85.10
Kill Bill: Vol. 1,death,,85.20
Kill Bill: Vol. 1,death,,85.25
Kill Bill: Vol. 1,death,,85.25
Kill Bill: Vol. 1,death,,85.28
Kill Bill: Vol. 1,death,,85.38
Kill Bill: Vol. 1,death,,85.47
Kill Bill: Vol. 1,death,,85.98
Kill Bill: Vol. 1,death,,86.05
Kill Bill: Vol. 1,death,,86.15
Kill Bill: Vol. 1,death,,86.20
Kill Bill: Vol. 1,death,,86.27
Kill Bill: Vol. 1,death,,86.35
Kill Bill: Vol. 1,death,,86.40
Kill Bill: Vol. 1,death,,87.52
Kill Bill: Vol. 1,death,,87.63
Kill Bill: Vol. 1,word,fucking,88.18
Kill Bill: Vol. 1,death,,88.95
Kill Bill: Vol. 1,death,,97.60
Kill Bill: Vol. 1,word,hell,100.10
Kill Bill: Vol. 2,word,hell,1.18
Kill Bill: Vol. 2,word,bitch,4.83
Kill Bill: Vol. 2,word,ass,9.02
Kill Bill: Vol. 2,word,cockblockery,9.62
Kill Bill: Vol. 2,word,goddamn,11.38
Kill Bill: Vol. 2,word,damn,12.82
Kill Bill: Vol. 2,death,,14.38
Kill Bill: Vol. 2,death,,14.38
Kill Bill: Vol. 2,death,,14.38
Kill Bill: Vol. 2,death,,14.38
Kill Bill: Vol. 2,death,,14.38
Kill Bill: Vol. 2,death,,14.38
Kill Bill: Vol. 2,death,,14.38
Kill Bill: Vol. 2,death,,14.38
Kill Bill: Vol. 2,death,,14.38
Kill Bill: Vol. 2,word,japs,15.53
Kill Bill: Vol. 2,word,jew (verb),17.33
Kill Bill: Vol. 2,word,fucking,18.70
Kill Bill: Vol. 2,word,ass,18.72
Kill Bill: Vol. 2,word,fucking,19.37
Kill Bill: Vol. 2,word,asshole,20.17
Kill Bill: Vol. 2,word,fucking,20.30
Kill Bill: Vol. 2,word,fucking,20.57
Kill Bill: Vol. 2,word,fucking,20.98
Kill Bill: Vol. 2,word,fucking,21.37
Kill Bill: Vol. 2,word,fucking,21.42
Kill Bill: Vol. 2,word,fucking,21.52
Kill Bill: Vol. 2,word,shit,21.80
Kill Bill: Vol. 2,word,shitty,22.50
Kill Bill: Vol. 2,word,ass,26.62
Kill Bill: Vol. 2,word,shit,27.03
Kill Bill: Vol. 2,word,bitch,28.93
Kill Bill: Vol. 2,word,ass,29.92
Kill Bill: Vol. 2,word,damn,30.47
Kill Bill: Vol. 2,word,bitch,33.02
Kill Bill: Vol. 2,word,pussy,33.15
Kill Bill: Vol. 2,word,pussy,33.23
Kill Bill: Vol. 2,word,ass,34.60
Kill Bill: Vol. 2,word,goddamn,34.70
Kill Bill: Vol. 2,word,fucking,34.77
Kill Bill: Vol. 2,word,bastards,44.12
Kill Bill: Vol. 2,word,fucker,44.65
Kill Bill: Vol. 2,word,ass,47.13
Kill Bill: Vol. 2,word,goddamn,49.20
Kill Bill: Vol. 2,word,japs,49.20
Kill Bill: Vol. 2,word,goddamn,50.93
Kill Bill: Vol. 2,word,fucked,65.67
Kill Bill: Vol. 2,word,horeshit,68.40
Kill Bill: Vol. 2,word,shit,72.45
Kill Bill: Vol. 2,death,,72.67
Kill Bill: Vol. 2,word,bitch,78.90
Kill Bill: Vol. 2,word,fucking,79.88
Kill Bill: Vol. 2,word,bitch,79.88
Kill Bill: Vol. 2,word,fucking,79.93
Kill Bill: Vol. 2,word,fuck,79.93
Kill Bill: Vol. 2,word,fucking,80.28
Kill Bill: Vol. 2,word,fucking,80.63
Kill Bill: Vol. 2,word,shit,80.75
Kill Bill: Vol. 2,word,pussy,85.35
Kill Bill: Vol. 2,word,pussy,85.40
Kill Bill: Vol. 2,word,fucking,102.12
Kill Bill: Vol. 2,word,goddamn,103.23
Kill Bill: Vol. 2,word,fuck,103.28
Kill Bill: Vol. 2,word,shit,104.63
Kill Bill: Vol. 2,word,ass,107.43
Kill Bill: Vol. 2,word,fuck,110.23
Kill Bill: Vol. 2,word,fucking,110.93
Kill Bill: Vol. 2,word,bitch,110.97
Kill Bill: Vol. 2,word,fucking,111.05
Kill Bill: Vol. 2,word,bullshit,111.58
Kill Bill: Vol. 2,word,shitless,111.92
Kill Bill: Vol. 2,word,fucking,112.52
Kill Bill: Vol. 2,word,shit,112.52
Kill Bill: Vol. 2,word,fucking,116.28
Kill Bill: Vol. 2,word,assholes,116.28
Kill Bill: Vol. 2,word,fucking,116.57
Kill Bill: Vol. 2,word,bastard,117.25
Kill Bill: Vol. 2,word,bastard,117.35
Kill Bill: Vol. 2,word,cunt,119.58
Kill Bill: Vol. 2,death,,121.12
Inglorious Basterds,death,,20.35
Inglorious Basterds,death,,20.35
Inglorious Basterds,death,,20.35
Inglorious Basterds,death,,20.35
Inglorious Basterds,word,hell,22.20
Inglorious Basterds,word,goddamn,22.22
Inglorious Basterds,word,fucking,22.32
Inglorious Basterds,word,bitch,22.55
Inglorious Basterds,death,,28.57
Inglorious Basterds,death,,28.63
Inglorious Basterds,death,,28.80
Inglorious Basterds,death,,29.07
Inglorious Basterds,death,,29.22
Inglorious Basterds,death,,29.23
Inglorious Basterds,death,,29.25
Inglorious Basterds,death,,29.93
Inglorious Basterds,word,fucking,30.93
Inglorious Basterds,word,goddamn,31.05
Inglorious Basterds,word,goddamn,32.52
Inglorious Basterds,word,ass,32.65
Inglorious Basterds,word,fuck,32.97
Inglorious Basterds,death,,34.77
Inglorious Basterds,word,shitting,34.90
Inglorious Basterds,word,fucking,34.97
Inglorious Basterds,word,fucking,35.05
Inglorious Basterds,word,fucking,35.10
Inglorious Basterds,death,,35.17
Inglorious Basterds,word,damn,35.20
Inglorious Basterds,word,fuck,35.30
Inglorious Basterds,word,ass,48.17
Inglorious Basterds,word,negro ,48.68
Inglorious Basterds,word,shit,51.48
Inglorious Basterds,word,hell,52.55
Inglorious Basterds,word,negro ,58.43
Inglorious Basterds,word,negro ,59.38
Inglorious Basterds,word,negro ,59.57
Inglorious Basterds,word,fuck,61.83
Inglorious Basterds,word,goddamn,69.48
Inglorious Basterds,word,fucking,69.50
Inglorious Basterds,word,squaw,73.00
Inglorious Basterds,word,ass,75.83
Inglorious Basterds,word,negro ,86.97
Inglorious Basterds,word,slut,90.53
Inglorious Basterds,word,hell,92.03
Inglorious Basterds,word,damn,92.27
Inglorious Basterds,death,,92.68
Inglorious Basterds,death,,92.68
Inglorious Basterds,death,,92.70
Inglorious Basterds,death,,92.72
Inglorious Basterds,death,,92.73
Inglorious Basterds,death,,92.75
Inglorious Basterds,death,,92.77
Inglorious Basterds,death,,92.83
Inglorious Basterds,death,,92.87
Inglorious Basterds,death,,92.87
Inglorious Basterds,word,fucking,96.87
Inglorious Basterds,death,,96.95
Inglorious Basterds,word,goddamn,97.12
Inglorious Basterds,word,fuck,97.53
Inglorious Basterds,word,hell,100.97
Inglorious Basterds,word,damn,101.00
Inglorious Basterds,word,fuck,101.82
Inglorious Basterds,word,ass,102.68
Inglorious Basterds,word,shit,103.40
Inglorious Basterds,word,fucking,103.82
Inglorious Basterds,death,,104.60
Inglorious Basterds,death,,104.60
Inglorious Basterds,death,,104.60
Inglorious Basterds,death,,104.60
Inglorious Basterds,word,fucker,107.77
Inglorious Basterds,word,fuck,107.82
Inglorious Basterds,word,ass,111.43
Inglorious Basterds,death,,121.13
Inglorious Basterds,word,fucking,121.53
Inglorious Basterds,word,shithead,121.53
Inglorious Basterds,word,fuck,121.55
Inglorious Basterds,word,fuck,121.57
Inglorious Basterds,word,shithead,121.62
Inglorious Basterds,word,fuck,121.63
Inglorious Basterds,word,fuck,121.68
Inglorious Basterds,word,goddamn,121.77
Inglorious Basterds,word,bitches,121.78
Inglorious Basterds,word,goddamn,121.87
Inglorious Basterds,word,damn,124.72
Inglorious Basterds,word,shit,137.82
Inglorious Basterds,word,ass,138.93
Inglorious Basterds,death,,141.47
Inglorious Basterds,death,,141.53
Inglorious Basterds,death,,142.42
Inglorious Basterds,death,,142.52
Inglorious Basterds,death,,144.17
Inglorious Basterds,death,,144.17
Inglorious Basterds,death,,144.20
Inglorious Basterds,death,,144.63
Inglorious Basterds,death,,144.63
Inglorious Basterds,death,,144.65
Inglorious Basterds,death,,144.67
Inglorious Basterds,death,,144.68
Inglorious Basterds,death,,144.85
Inglorious Basterds,death,,144.85
Inglorious Basterds,death,,144.85
Inglorious Basterds,death,,145.10
Inglorious Basterds,death,,145.60
Inglorious Basterds,death,,147.37
Inglorious Basterds,word,fuck,147.62
Inglorious Basterds,word,goddamn,148.73
Django Unchained,word,goddamn,7.23
Django Unchained,death,,7.75
Django Unchained,word,goddamn,8.37
Django Unchained,word,bitch,8.38
Django Unchained,word,damn,8.65
Django Unchained,word,fucking,8.87
Django Unchained,word,damn,8.88
Django Unchained,word,n-word ,9.80
Django Unchained,word,goddamn,10.07
Django Unchained,word,hell,10.53
Django Unchained,death,,12.63
Django Unchained,word,n-word ,13.57
Django Unchained,word,n-word ,14.07
Django Unchained,word,hell,14.75
Django Unchained,word,n-word ,14.78
Django Unchained,word,ass,19.37
Django Unchained,death,,19.62
Django Unchained,word,goddamn,20.25
Django Unchained,word,n-word ,20.47
Django Unchained,word,hell,22.67
Django Unchained,word,n-word ,24.98
Django Unchained,word,n-word ,28.55
Django Unchained,word,n-word ,28.65
Django Unchained,word,n-word ,28.80
Django Unchained,word,n-word ,29.38
Django Unchained,word,n-word ,29.50
Django Unchained,word,n-word ,29.65
Django Unchained,word,n-word ,31.07
Django Unchained,word,n-word ,31.10
Django Unchained,word,damn,33.12
Django Unchained,death,,36.47
Django Unchained,word,goddamn,36.55
Django Unchained,word,bitch,36.57
Django Unchained,death,,37.45
Django Unchained,death,,38.03
Django Unchained,word,bitches,40.92
Django Unchained,word,n-word ,41.68
Django Unchained,word,n-word ,42.02
Django Unchained,word,fucking,42.23
Django Unchained,word,shit,42.23
Django Unchained,word,fucking,42.33
Django Unchained,word,shit,42.38
Django Unchained,word,goddamn,42.45
Django Unchained,word,shit,42.47
Django Unchained,word,goddamn,42.50
Django Unchained,word,shit,43.12
Django Unchained,word,fucking,43.22
Django Unchained,word,fucking,43.25
Django Unchained,word,fucking,43.27
Django Unchained,word,fuck,43.28
Django Unchained,word,bitches,43.42
Django Unchained,word,n-word ,43.65
Django Unchained,word,goddamn,44.30
Django Unchained,word,fucking,44.42
Django Unchained,word,shit,44.55
Django Unchained,word,n-word ,44.58
Django Unchained,word,n-word ,44.63
Django Unchained,word,n-word ,44.67
Django Unchained,word,shit,45.50
Django Unchained,death,,45.78
Django Unchained,word,hell,47.65
Django Unchained,word,hell,48.30
Django Unchained,word,damn,53.08
Django Unchained,death,,55.07
Django Unchained,death,,56.58
Django Unchained,death,,56.62
Django Unchained,death,,56.63
Django Unchained,death,,56.65
Django Unchained,word,n-word ,59.42
Django Unchained,word,goddamned,59.65
Django Unchained,word,n-word ,59.75
Django Unchained,word,fuck,60.50
Django Unchained,word,fucking,62.22
Django Unchained,word,n-word ,63.20
Django Unchained,word,n-word ,64.78
Django Unchained,death,,66.90
Django Unchained,word,n-word ,70.10
Django Unchained,word,n-word ,71.17
Django Unchained,word,n-word ,71.20
Django Unchained,word,n-word ,71.23
Django Unchained,word,n-word ,71.28
Django Unchained,word,n-word ,71.35
Django Unchained,word,n-word ,71.87
Django Unchained,word,n-word ,73.17
Django Unchained,word,n-word ,73.23
Django Unchained,word,n-word ,73.32
Django Unchained,word,n-word ,73.73
Django Unchained,word,n-word ,74.00
Django Unchained,word,n-word ,74.40
Django Unchained,word,goddamn,74.77
Django Unchained,word,n-word ,74.83
Django Unchained,word,hell,75.67
Django Unchained,word,goddamn,76.20
Django Unchained,word,n-word ,76.30
Django Unchained,word,n-word ,76.37
Django Unchained,word,ass,76.45
Django Unchained,word,goddamn,76.45
Django Unchained,word,hell,76.92
Django Unchained,word,n-word ,78.48
Django Unchained,word,ass,79.57
Django Unchained,word,goddamn,79.63
Django Unchained,word,goddamn,79.77
Django Unchained,word,n-word ,79.80
Django Unchained,word,n-word ,81.32
Django Unchained,word,goddamn,81.68
Django Unchained,word,n-word ,82.98
Django Unchained,word,n-word ,83.47
Django Unchained,word,n-word ,83.52
Django Unchained,word,n-word ,83.68
Django Unchained,death,,84.38
Django Unchained,word,n-word ,84.47
Django Unchained,word,ass,88.32
Django Unchained,word,n-word ,88.35
Django Unchained,word,n-word ,88.75
Django Unchained,word,ass,88.97
Django Unchained,word,n-word ,89.13
Django Unchained,word,n-word ,89.13
Django Unchained,word,n-word ,89.35
Django Unchained,word,bastard,89.52
Django Unchained,word,n-word ,89.62
Django Unchained,word,ass,90.03
Django Unchained,word,motherfucker,90.03
Django Unchained,word,goddamn,90.17
Django Unchained,word,n-word ,90.32
Django Unchained,word,goddamn,90.37
Django Unchained,word,n-word ,90.42
Django Unchained,word,shit,90.43
Django Unchained,word,ass,90.88
Django Unchained,word,n-word ,91.00
Django Unchained,word,n-word ,91.02
Django Unchained,word,n-word ,91.17
Django Unchained,word,n-word ,91.18
Django Unchained,word,ass,92.12
Django Unchained,word,damn,92.23
Django Unchained,word,damn,92.25
Django Unchained,word,shit,92.27
Django Unchained,word,damn,92.33
Django Unchained,word,bitch,92.37
Django Unchained,word,n-word ,92.53
Django Unchained,word,n-word ,92.67
Django Unchained,word,ass,92.78
Django Unchained,word,ass,93.22
Django Unchained,word,n-word ,96.73
Django Unchained,word,ass,101.02
Django Unchained,word,n-word ,101.48
Django Unchained,word,n-word ,101.97
Django Unchained,word,n-word ,102.07
Django Unchained,word,n-word ,102.32
Django Unchained,word,n-word ,102.60
Django Unchained,word,n-word ,102.78
Django Unchained,word,n-word ,102.83
Django Unchained,word,n-word ,103.02
Django Unchained,word,n-word ,103.15
Django Unchained,word,n-word ,103.20
Django Unchained,word,hell,103.83
Django Unchained,word,n-word ,104.23
Django Unchained,word,n-word ,104.27
Django Unchained,word,ass,104.35
Django Unchained,word,n-word ,104.90
Django Unchained,word,bitch,104.97
Django Unchained,word,n-word ,105.62
Django Unchained,word,n-word ,106.12
Django Unchained,word,ass,108.38
Django Unchained,word,n-word ,108.48
Django Unchained,word,n-word ,108.65
Django Unchained,word,n-word ,109.12
Django Unchained,word,n-word ,109.18
Django Unchained,word,n-word ,109.20
Django Unchained,word,goddamn,109.33
Django Unchained,word,goddamn,111.33
Django Unchained,word,damn,111.53
Django Unchained,word,n-word ,112.08
Django Unchained,word,shit,112.08
Django Unchained,word,fucked,112.08
Django Unchained,word,motherfuckers,113.05
Django Unchained,word,hell,113.22
Django Unchained,word,ass,113.25
Django Unchained,word,n-word ,113.50
Django Unchained,word,n-word ,113.97
Django Unchained,word,n-word ,114.05
Django Unchained,word,fuck,114.15
Django Unchained,word,bitch,114.18
Django Unchained,word,goddamn,114.93
Django Unchained,word,bitches,115.02
Django Unchained,word,bitches,115.07
Django Unchained,word,damn,116.65
Django Unchained,word,goddamn,117.85
Django Unchained,word,jackass,120.65
Django Unchained,word,ass,121.12
Django Unchained,word,goddamn,121.12
Django Unchained,word,n-word ,121.37
Django Unchained,word,n-word ,121.67
Django Unchained,word,n-word ,122.45
Django Unchained,word,goddamn,122.60
Django Unchained,word,ass,122.63
Django Unchained,word,n-word ,123.42
Django Unchained,word,shit,130.07
Django Unchained,word,n-word ,130.38
Django Unchained,word,ass,130.45
Django Unchained,death,,131.27
Django Unchained,death,,131.53
Django Unchained,death,,131.72
Django Unchained,death,,131.80
Django Unchained,death,,131.83
Django Unchained,death,,131.92
Django Unchained,death,,132.05
Django Unchained,death,,132.13
Django Unchained,death,,132.13
Django Unchained,death,,132.13
Django Unchained,word,fucking,132.22
Django Unchained,word,n-word ,131.73
Django Unchained,word,shit,132.10
Django Unchained,word,bitch,132.12
Django Unchained,word,fucking,132.22
Django Unchained,word,damn,132.30
Django Unchained,word,bitch,132.32
Django Unchained,word,fucking,132.35
Django Unchained,word,damn,132.37
Django Unchained,word,fuck,132.42
Django Unchained,word,fuck,132.53
Django Unchained,word,n-word ,132.55
Django Unchained,death,,133.08
Django Unchained,word,n-word ,133.17
Django Unchained,word,motherfucker,133.27
Django Unchained,death,,133.38
Django Unchained,death,,133.38
Django Unchained,word,shit,133.42
Django Unchained,death,,133.47
Django Unchained,death,,133.50
Django Unchained,death,,133.52
Django Unchained,death,,133.65
Django Unchained,death,,133.83
Django Unchained,death,,133.87
Django Unchained,word,shit,134.40
Django Unchained,word,goddamn,134.77
Django Unchained,word,goddamn,135.18
Django Unchained,word,horseshit,135.43
Django Unchained,word,ass,135.65
Django Unchained,word,goddamn,135.70
Django Unchained,word,bitch,135.78
Django Unchained,word,n-word ,136.20
Django Unchained,word,n-word ,138.30
Django Unchained,word,ass,140.23
Django Unchained,word,motherfuckers,140.25
Django Unchained,word,ass,140.43
Django Unchained,word,fucking,140.50
Django Unchained,word,n-word ,140.68
Django Unchained,word,shit,140.93
Django Unchained,word,n-word ,140.97
Django Unchained,word,shit,141.22
Django Unchained,word,hell,141.25
Django Unchained,word,n-word ,141.27
Django Unchained,word,ass,141.52
Django Unchained,word,ass,142.42
Django Unchained,word,n-word ,142.43
Django Unchained,word,fuck,143.68
Django Unchained,word,fuck,144.20
Django Unchained,word,ass,144.58
Django Unchained,word,bitches,144.77
Django Unchained,word,goddamn,145.12
Django Unchained,word,fucking,145.17
Django Unchained,word,shit,145.22
Django Unchained,word,ass,145.53
Django Unchained,word,fucking,147.20
Django Unchained,word,damn,147.23
Django Unchained,word,n-word ,147.48
Django Unchained,word,fuck,147.62
Django Unchained,word,goddamn,148.43
Django Unchained,word,n-word ,148.57
Django Unchained,word,fucking,149.02
Django Unchained,death,,149.10
Django Unchained,death,,149.10
Django Unchained,death,,149.13
Django Unchained,word,goddamn,152.23
Django Unchained,word,motherfucker,152.35
Django Unchained,death,,152.37
Django Unchained,death,,152.38
Django Unchained,death,,152.40
Django Unchained,death,,152.40
Django Unchained,death,,152.47
Django Unchained,death,,152.47
Django Unchained,death,,152.50
Django Unchained,death,,156.77
Django Unchained,word,bitch,157.30
Django Unchained,death,,157.37
Django Unchained,death,,157.85
Django Unchained,word,n-word ,158.62
Django Unchained,word,n-word ,158.65
Django Unchained,word,shit,158.78
Django Unchained,word,n-word ,158.78
Django Unchained,word,motherfucker,158.90
Django Unchained,word,damn,158.92
Django Unchained,word,n-word ,158.98
Django Unchained,word,horseshit,159.18
Django Unchained,word,n-word ,159.25
Django Unchained,word,bitch,159.33
Django Unchained,word,motherfucker,159.37
Django Unchained,word,n-word ,159.42
Django Unchained,word,ass,159.53
Django Unchained,word,n-word ,159.58
Django Unchained,word,n-word ,159.65
Django Unchained,word,ass,159.70
Django Unchained,word,ass,159.77
Django Unchained,word,n-word ,159.80
Django Unchained,word,fucked,159.83
Django Unchained,word,n-word ,159.88
Django Unchained,word,n-word ,160.20
Django Unchained,word,ass,160.28
Django Unchained,death,,160.45
Jackie Brown,word,ass,4.38
Jackie Brown,word,shit,4.53
Jackie Brown,word,shit,4.63
Jackie Brown,word,motherfucker,4.85
Jackie Brown,word,shit,4.95
Jackie Brown,word,shit,5.00
Jackie Brown,word,motherfucker,5.28
Jackie Brown,word,n-word ,5.37
Jackie Brown,word,n-word ,5.45
Jackie Brown,word,fucking,5.53
Jackie Brown,word,damn,5.60
Jackie Brown,word,n-word ,5.67
Jackie Brown,word,shit,5.70
Jackie Brown,word,n-word ,6.02
Jackie Brown,word,motherfucker,6.08
Jackie Brown,word,shit,6.18
Jackie Brown,word,motherfucker,6.37
Jackie Brown,word,ass,6.70
Jackie Brown,word,shit,7.45
Jackie Brown,word,shit,8.35
Jackie Brown,word,n-word ,8.58
Jackie Brown,word,n-word ,8.62
Jackie Brown,word,n-word ,8.65
Jackie Brown,word,motherfucking,8.82
Jackie Brown,word,motherfuckers,9.23
Jackie Brown,word,bitch,9.97
Jackie Brown,word,fuck,10.08
Jackie Brown,word,fuck,10.12
Jackie Brown,word,goddamn,10.20
Jackie Brown,word,n-word ,10.20
Jackie Brown,word,goddamn,10.25
Jackie Brown,word,motherfuckers,10.50
Jackie Brown,word,shit,10.52
Jackie Brown,word,motherfucking,10.53
Jackie Brown,word,fuck,10.58
Jackie Brown,word,n-word ,12.12
Jackie Brown,word,shit,12.82
Jackie Brown,word,fuck,12.82
Jackie Brown,word,ass,13.10
Jackie Brown,word,fuck,15.63
Jackie Brown,word,n-word ,15.68
Jackie Brown,word,n-word ,15.72
Jackie Brown,word,ass,15.98
Jackie Brown,word,motherfucking,16.03
Jackie Brown,word,n-word ,16.10
Jackie Brown,word,ass,16.20
Jackie Brown,word,n-word ,16.23
Jackie Brown,word,goddamn,16.25
Jackie Brown,word,shit,16.28
Jackie Brown,word,ass,16.30
Jackie Brown,word,ass,16.33
Jackie Brown,word,motherfucking,16.35
Jackie Brown,word,n-word ,16.38
Jackie Brown,word,motherfucker,16.47
Jackie Brown,word,hell,16.52
Jackie Brown,word,shit,16.55
Jackie Brown,word,ass,16.58
Jackie Brown,word,shit,16.65
Jackie Brown,word,n-word ,16.77
Jackie Brown,word,fucking,16.87
Jackie Brown,word,n-word ,17.12
Jackie Brown,word,ass,17.22
Jackie Brown,word,n-word ,17.25
Jackie Brown,word,fuck,17.30
Jackie Brown,word,shit,17.40
Jackie Brown,word,fucking,17.42
Jackie Brown,word,ass,17.48
Jackie Brown,word,fucking,17.52
Jackie Brown,word,n-word ,17.82
Jackie Brown,word,n-word ,17.82
Jackie Brown,word,n-word ,17.85
Jackie Brown,word,n-word ,17.90
Jackie Brown,word,n-word ,17.95
Jackie Brown,word,ass,18.23
Jackie Brown,word,shit,18.38
Jackie Brown,word,n-word ,18.80
Jackie Brown,word,shit,19.07
Jackie Brown,word,motherfucker,19.35
Jackie Brown,word,motherfucker,19.45
Jackie Brown,word,fuck,19.47
Jackie Brown,word,shit,19.47
Jackie Brown,word,fucking,19.58
Jackie Brown,word,ass,19.62
Jackie Brown,word,goddamn,19.72
Jackie Brown,word,goddamn,19.83
Jackie Brown,word,goddamn,19.93
Jackie Brown,word,ass,19.95
Jackie Brown,word,n-word ,20.05
Jackie Brown,word,motherfucker,20.12
Jackie Brown,word,ass,20.17
Jackie Brown,word,goddamn,20.22
Jackie Brown,word,ass,20.28
Jackie Brown,word,ass,20.35
Jackie Brown,word,n-word ,20.38
Jackie Brown,word,fucking,20.52
Jackie Brown,word,n-word ,20.57
Jackie Brown,word,shit,20.58
Jackie Brown,word,fucking,20.65
Jackie Brown,word,motherfucker,21.05
Jackie Brown,word,motherfucker,21.12
Jackie Brown,word,goddamn,21.13
Jackie Brown,word,motherfucker,21.18
Jackie Brown,word,hell,21.22
Jackie Brown,death,,23.08
Jackie Brown,word,n-word ,23.07
Jackie Brown,word,shit,25.53
Jackie Brown,word,goddamn,26.13
Jackie Brown,word,motherfucking,26.37
Jackie Brown,word,ass,26.38
Jackie Brown,word,n-word ,27.07
Jackie Brown,word,fuck,27.08
Jackie Brown,word,n-word ,27.20
Jackie Brown,word,n-word ,27.22
Jackie Brown,word,n-word ,27.48
Jackie Brown,word,shitty,28.67
Jackie Brown,word,fucking,28.72
Jackie Brown,word,goddamn,29.05
Jackie Brown,word,fucking,29.72
Jackie Brown,word,fucks,30.63
Jackie Brown,word,shit,30.63
Jackie Brown,word,shittiest,30.77
Jackie Brown,word,fucking,30.78
Jackie Brown,word,shit,30.80
Jackie Brown,word,fuck,31.97
Jackie Brown,word,shit,32.13
Jackie Brown,word,shitty,32.40
Jackie Brown,word,goddamn,32.65
Jackie Brown,word,shit,33.47
Jackie Brown,word,shit,33.67
Jackie Brown,word,fucking,36.40
Jackie Brown,word,shit,36.42
Jackie Brown,word,shit,36.52
Jackie Brown,word,shit,36.97
Jackie Brown,word,shit,37.00
Jackie Brown,word,hell,37.13
Jackie Brown,word,motherfucking,37.15
Jackie Brown,word,ass,37.28
Jackie Brown,word,shit,37.33
Jackie Brown,word,ass,37.37
Jackie Brown,word,shit,37.88
Jackie Brown,word,shit,38.58
Jackie Brown,word,fuck,38.95
Jackie Brown,word,fucking,38.98
Jackie Brown,word,shit,39.30
Jackie Brown,word,shit,39.35
Jackie Brown,word,bitch,44.32
Jackie Brown,word,ass,45.38
Jackie Brown,word,hell,48.10
Jackie Brown,word,ass,48.10
Jackie Brown,word,ass,48.17
Jackie Brown,word,shit,48.35
Jackie Brown,word,damn,48.52
Jackie Brown,word,shit,48.53
Jackie Brown,word,shitload,48.60
Jackie Brown,word,shitload,50.45
Jackie Brown,word,dick,50.88
Jackie Brown,word,n-word ,50.97
Jackie Brown,word,hell,51.03
Jackie Brown,word,fuck,51.05
Jackie Brown,word,fuck,51.10
Jackie Brown,word,ass,51.22
Jackie Brown,word,motherfuckers,51.32
Jackie Brown,word,fuck,51.40
Jackie Brown,word,damn,51.42
Jackie Brown,word,ass,51.45
Jackie Brown,word,fucking,51.50
Jackie Brown,word,ass,51.62
Jackie Brown,word,fuck,51.65
Jackie Brown,word,motherfucking,51.80
Jackie Brown,word,motherfucking,51.97
Jackie Brown,word,motherfucking,53.17
Jackie Brown,word,ass,57.42
Jackie Brown,word,fuck,57.93
Jackie Brown,word,ass,59.12
Jackie Brown,word,shit,60.20
Jackie Brown,word,shit,61.53
Jackie Brown,word,ass,61.93
Jackie Brown,word,goddamn,62.97
Jackie Brown,word,shit,63.07
Jackie Brown,word,shit,63.07
Jackie Brown,word,shit,66.05
Jackie Brown,word,fucking,67.82
Jackie Brown,word,fuck,67.95
Jackie Brown,word,damn,69.70
Jackie Brown,word,n-word ,70.02
Jackie Brown,word,motherfuckers,70.03
Jackie Brown,word,ass,70.05
Jackie Brown,word,bullshit,70.10
Jackie Brown,word,motherfucker,70.12
Jackie Brown,word,damn,70.15
Jackie Brown,word,fuck,70.30
Jackie Brown,word,goddamn,70.45
Jackie Brown,word,fuck,70.80
Jackie Brown,word,fuck,70.90
Jackie Brown,word,ass,70.93
Jackie Brown,word,shit,71.20
Jackie Brown,word,fuck,71.23
Jackie Brown,word,damn,71.67
Jackie Brown,word,fucking,72.60
Jackie Brown,word,fuck,73.20
Jackie Brown,word,shit,73.27
Jackie Brown,word,fuck,73.85
Jackie Brown,word,shit,75.37
Jackie Brown,word,pussy,75.38
Jackie Brown,word,shit,75.60
Jackie Brown,word,bitch,75.63
Jackie Brown,word,fucking,75.63
Jackie Brown,word,fuck,75.70
Jackie Brown,word,n-word ,75.70
Jackie Brown,word,damn,75.73
Jackie Brown,word,fuck,75.77
Jackie Brown,word,fucked,75.87
Jackie Brown,word,shit,76.18
Jackie Brown,word,bitches,76.32
Jackie Brown,word,ass,76.72
Jackie Brown,word,ass,76.92
Jackie Brown,word,bitch,77.05
Jackie Brown,word,fuck,77.35
Jackie Brown,word,bitch,77.47
Jackie Brown,word,ass,79.37
Jackie Brown,word,shit,80.33
Jackie Brown,word,fuck,81.00
Jackie Brown,word,shit,81.02
Jackie Brown,word,shit,83.92
Jackie Brown,word,shit,88.68
Jackie Brown,word,shit,88.83
Jackie Brown,word,hell,92.38
Jackie Brown,word,hell,92.38
Jackie Brown,word,hell,92.43
Jackie Brown,word,shit,92.52
Jackie Brown,word,shit,92.55
Jackie Brown,word,goddamn,92.57
Jackie Brown,word,fuck,92.58
Jackie Brown,word,ass,92.62
Jackie Brown,word,fucking,92.63
Jackie Brown,word,fuck,92.65
Jackie Brown,word,ass,92.70
Jackie Brown,word,shit,92.82
Jackie Brown,word,ass,92.97
Jackie Brown,word,damn,93.03
Jackie Brown,word,shit,94.13
Jackie Brown,word,ass,94.27
Jackie Brown,word,ass,94.77
Jackie Brown,word,damn,94.98
Jackie Brown,word,shit,95.07
Jackie Brown,word,motherfucker,95.08
Jackie Brown,word,motherfucker,95.13
Jackie Brown,word,shit,96.70
Jackie Brown,word,fucking,96.90
Jackie Brown,word,hell,97.37
Jackie Brown,word,bitch,98.02
Jackie Brown,word,ass,98.07
Jackie Brown,word,shit,98.15
Jackie Brown,word,motherfucking,98.17
Jackie Brown,word,goddamn,98.23
Jackie Brown,word,goddamn,98.45
Jackie Brown,word,bitch,98.45
Jackie Brown,word,fucking,98.47
Jackie Brown,word,ass,101.37
Jackie Brown,word,fuck,101.92
Jackie Brown,word,motherfucking,101.98
Jackie Brown,word,bitch,102.07
Jackie Brown,word,fucking,102.08
Jackie Brown,word,ass,102.08
Jackie Brown,word,goddamn,102.10
Jackie Brown,word,ass,102.32
Jackie Brown,word,fuck,102.33
Jackie Brown,word,ass,105.27
Jackie Brown,word,fuck,106.32
Jackie Brown,word,goddamn,109.70
Jackie Brown,word,fuck,109.77
Jackie Brown,word,fucking,109.82
Jackie Brown,word,shit,109.97
Jackie Brown,word,bitch,110.13
Jackie Brown,word,fucking,110.15
Jackie Brown,word,fucking,110.52
Jackie Brown,word,fuck,111.27
Jackie Brown,word,fuck,111.83
Jackie Brown,word,goddamn,111.85
Jackie Brown,word,fucking,111.90
Jackie Brown,word,fuck,111.97
Jackie Brown,word,fucking,111.98
Jackie Brown,word,fuck,112.07
Jackie Brown,word,fuck,112.35
Jackie Brown,word,fucking,113.18
Jackie Brown,death,,113.28
Jackie Brown,word,bitch,114.98
Jackie Brown,word,fucking,115.00
Jackie Brown,word,fuck,116.07
Jackie Brown,word,fucking,120.22
Jackie Brown,word,fucking,120.35
Jackie Brown,word,fucking,120.85
Jackie Brown,word,bitch,121.10
Jackie Brown,word,fucking,121.87
Jackie Brown,word,fucking,121.92
Jackie Brown,word,ass,122.08
Jackie Brown,word,fuck,122.12
Jackie Brown,word,fuck,122.15
Jackie Brown,word,fuck,122.17
Jackie Brown,word,fucking,121.20
Jackie Brown,word,shit,122.28
Jackie Brown,word,bitch,123.32
Jackie Brown,word,shit,123.63
Jackie Brown,word,motherfucker,124.57
Jackie Brown,word,hell,124.65
Jackie Brown,word,ass,124.68
Jackie Brown,word,motherfuckers,124.75
Jackie Brown,word,fucking,124.83
Jackie Brown,word,fucking,124.85
Jackie Brown,word,fucking,124.88
Jackie Brown,word,fucking,124.90
Jackie Brown,word,goddamn,124.97
Jackie Brown,word,motherfucker,125.07
Jackie Brown,word,ass,125.10
Jackie Brown,word,shit,125.12
Jackie Brown,word,fucking,125.15
Jackie Brown,word,fuck,125.33
Jackie Brown,word,ass,125.37
Jackie Brown,death,,125.43
Jackie Brown,word,shit,126.42
Jackie Brown,word,fucking,126.62
Jackie Brown,word,fucking,127.07
Jackie Brown,word,fucking,127.42
Jackie Brown,word,fucking,128.38
Jackie Brown,word,motherfucking,128.42
Jackie Brown,word,motherfucker,128.47
Jackie Brown,word,fuck,129.17
Jackie Brown,word,fucking,129.57
Jackie Brown,word,goddamn,130.90
Jackie Brown,word,motherfucking,130.92
Jackie Brown,word,motherfucking,131.00
Jackie Brown,word,motherfucker,131.08
Jackie Brown,word,motherfucker,131.18
Jackie Brown,word,shit,131.22
Jackie Brown,word,n-word ,131.25
Jackie Brown,word,motherfucker,131.28
Jackie Brown,word,goddamn,131.35
Jackie Brown,word,motherfucker,131.38
Jackie Brown,word,shit,131.40
Jackie Brown,word,goddamn,131.45
Jackie Brown,word,shit,131.57
Jackie Brown,word,n-word ,131.80
Jackie Brown,word,motherfucking,132.78
Jackie Brown,word,ass,133.05
Jackie Brown,word,motherfucking,133.13
Jackie Brown,word,fuck,134.00
Jackie Brown,word,goddamn,134.02
Jackie Brown,word,fucking,134.07
Jackie Brown,word,ass,134.18
Jackie Brown,word,motherfucker,134.33
Jackie Brown,word,motherfucker,134.50
Jackie Brown,word,n-word ,134.78
Jackie Brown,word,shit,135.00
Jackie Brown,word,ass,135.67
Jackie Brown,word,dumbass,135.72
Jackie Brown,word,bullshit,136.72
Jackie Brown,word,fucking,136.90
Jackie Brown,word,ass,137.13
Jackie Brown,word,n-word ,137.13
Jackie Brown,word,goddamn,138.20
Jackie Brown,word,bullshit,141.03
Jackie Brown,word,bitch,141.20
Jackie Brown,word,goddamn,141.23
Jackie Brown,word,motherfucker,141.35
Jackie Brown,word,n-word ,141.50
Jackie Brown,word,motherfucker,141.55
Jackie Brown,word,motherfucker,141.80
Jackie Brown,word,motherfucker,141.93
Jackie Brown,word,ass,142.43
Jackie Brown,word,fucking,142.47
Jackie Brown,word,goddamn,142.97
Jackie Brown,death,,143.13